{"options":{"check_for_updates":true,"comment":null,"compat_foreach":false,"compat_metadata":false,"compat_powerful_this":null,"compat_prototypes":false,"compat_wrappedjsobject":false,"compatopts_for_requires":true,"noframes":null,"override":{"merge_connects":true,"merge_excludes":true,"merge_includes":true,"merge_matches":true,"orig_connects":[],"orig_excludes":[],"orig_includes":["*://*/*"],"orig_matches":[],"orig_noframes":null,"orig_run_at":"document-start","use_blockers":[],"use_connects":[],"use_excludes":[],"use_includes":[],"use_matches":[]},"run_at":null,"tab_types":null,"unwrap":null},"settings":{"enabled":false,"position":19},"meta":{"name":"4399增强","uuid":"6da4797d-62cf-4b1b-8fdd-ea411854297c","modified":1651318919447,"file_url":"https://greasyfork.org/scripts/436895-4399%E5%A2%9E%E5%BC%BA/code/4399%E5%A2%9E%E5%BC%BA.user.js"}}