{"options":{"check_for_updates":true,"comment":null,"compat_foreach":false,"compat_metadata":false,"compat_powerful_this":null,"compat_prototypes":false,"compat_wrappedjsobject":false,"compatopts_for_requires":true,"noframes":null,"override":{"merge_connects":true,"merge_excludes":true,"merge_includes":true,"merge_matches":true,"orig_connects":[],"orig_excludes":["https://new.qq.com/rain/*"],"orig_includes":["https://*.qq.com/*"],"orig_matches":[],"orig_noframes":true,"orig_run_at":"document-start","use_blockers":[],"use_connects":[],"use_excludes":[],"use_includes":[],"use_matches":[]},"run_at":null,"tab_types":null,"unwrap":null},"settings":{"enabled":true,"position":13},"meta":{"name":"disable qq.com beacon","uuid":"9b00aa4d-caea-49a3-b702-45e19d1d2da5","modified":1647480569792,"file_url":"https://github.com/xinggsf/gm/raw/master/disable-qq.com-beacon.user.js"}}