{"options":{"check_for_updates":true,"comment":null,"compat_foreach":false,"compat_metadata":false,"compat_powerful_this":null,"compat_prototypes":false,"compat_wrappedjsobject":false,"compatopts_for_requires":true,"noframes":null,"override":{"merge_connects":true,"merge_excludes":true,"merge_includes":true,"merge_matches":true,"orig_connects":[],"orig_excludes":[],"orig_includes":[],"orig_matches":["https://kafan.cn/thread-*.html","https://kafan.cn/forum.php?mod=viewthread&tid=*","https://bbs.kafan.cn/home.php?mod=space&do=pm&subop=view&touid=*","https://bbs.kafan.cn/home.php?mod=space&do=pm&subop=view&plid=*","https://*/thread-*.html","https://*/forum.php?mod=viewthread&tid=*","https://*/home.php?mod=space&do=pm&subop=view&touid=*","https://*/home.php?mod=space&do=pm&subop=view&plid=*","http://*/thread-*.html","http://*/forum.php?mod=viewthread&tid=*","http://*/home.php?mod=space&do=pm&subop=view&touid=*","http://*/home.php?mod=space&do=pm&subop=view&plid=*"],"orig_noframes":null,"orig_run_at":"document-idle","use_blockers":[],"use_connects":[],"use_excludes":[],"use_includes":[],"use_matches":[]},"run_at":null,"tab_types":null,"unwrap":null},"settings":{"enabled":true,"position":15},"meta":{"name":"Discuz！ Emoji display","uuid":"4c937cf5-eefe-4b51-945d-6a9358cb6903","modified":1655346447950,"file_url":"https://greasyfork.org/scripts/423209-discuz-emoji-display/code/Discuz%EF%BC%81%20Emoji%20display.user.js"}}