{"options":{"check_for_updates":true,"comment":null,"compat_foreach":false,"compat_metadata":false,"compat_powerful_this":null,"compat_prototypes":false,"compat_wrappedjsobject":false,"compatopts_for_requires":true,"noframes":null,"override":{"merge_connects":true,"merge_excludes":true,"merge_includes":true,"merge_matches":true,"orig_connects":[],"orig_excludes":[],"orig_includes":[],"orig_matches":["http://t.cn/*","https://weibo.cn/sinaurl?*","https://www.jianshu.com/go-wild?*","http*://link.zhihu.com/?*","https://www.douban.com/link2/?url=*","https://link.ld246.com/forward?goto=*","https://mp.weixin.qq.com/*","http://redir.yy.duowan.com/warning.php?url=*","https://weixin110.qq.com/cgi-bin/mmspamsupport-bin/newredirectconfirmcgi*","https://link.csdn.net/?target=*","https://steamcommunity.com/linkfilter/?url=*","https://game.bilibili.com/linkfilter/?url=*","https://www.oschina.net/action/GoToLink?url=*","https://developers.weixin.qq.com/community/middlepage/href?href=*","https://docs.qq.com/scenario/link.html?url=*","https://www.pixiv.net/jump.php?url=*","https://www.chinaz.com/go.shtml?url=*","http://www.360doc.com/content/*","https://nga.178.com/read.php?*","https://bbs.nga.cn/read.php?*","http*://c.pc.qq.com/*","https://www.yuque.com/r/goto?url=*","https://www.mcbbs.net/plugin.php?id=link_redirect&target=*","https://link.juejin.cn/?target=*","http*://www.360doc.cn/outlink.html?url=*","https://jump2.bdimg.com/safecheck/index?url=*","http*://iphone.myzaker.com/zaker/link.php?*","https://www.tianyancha.com/security?target=*","https://afdian.net/link?target=*","https://mail.qq.com/cgi-bin/readtemplate*","https://link.logonews.cn/?*","https://link.uisdc.com/?redirect=*","https://gitee.com/link?target=*","https://xie.infoq.cn/link?target=*","https://leetcode.cn/link/?target=*"],"orig_noframes":null,"orig_run_at":"document-idle","use_blockers":[],"use_connects":[],"use_excludes":[],"use_includes":[],"use_matches":[]},"run_at":null,"tab_types":null,"unwrap":null},"settings":{"enabled":true,"position":17},"meta":{"name":"Open the F**king URL Right Now","uuid":"59b1b7df-4110-40fc-bf33-96d786c0f2d2","modified":1656153319476,"file_url":"https://greasyfork.org/scripts/412612-open-the-f-king-url-right-now/code/Open%20the%20F**king%20URL%20Right%20Now.user.js"}}