{"action_menu_columns":"1","action_menu_scripts_hide_disabled":false,"action_menu_scripts_sort":"auto","appearance_badge_color":"#ee3131","appearance_badges":"off","autoReload":true,"configMode":100,"favicon_service":"native","layout":"default","layout_user_css":"","notification_showUpdate":"changelog","scriptUpdateCheckDisabled":true,"scriptUpdateCheckPeriod":43200000,"script_blacklist_server":[{"rules":["/https?:\\/\\/userscripts\\.org\\/scripts\\/(source|version)/(102614).*\\.user\\.js/"],"severity":"2"},{"name":"SaveFrom.net helper","reason":"Shows advertisements","rules":["/https?:\\/\\/sf-addon\\.com\\/.*\\/.*\\.user\\.js/","/https?:\\/\\/.*\\.sf-helper\\.com\\/.*\\.user\\.js/"],"severity":"3"},{"reasons":{"en":"Used for a phishing compain to compromise users of baon-nutrition.com"},"rules":["/https?:\\/\\/files\\.ulysse\\.travel\\/.*\\.user\\.js/"],"severity":"8"}],"statistics_enabled":false}