{"options":{"check_for_updates":true,"comment":null,"compat_foreach":false,"compat_metadata":false,"compat_powerful_this":null,"compat_prototypes":false,"compat_wrappedjsobject":false,"compatopts_for_requires":true,"noframes":null,"override":{"merge_connects":true,"merge_excludes":true,"merge_includes":true,"merge_matches":true,"orig_connects":[],"orig_excludes":["*://login.taobao.com/*","*://login.tmall.com/*","*://uland.taobao.com/*","*://pages.tmall.com/*","*://wq.jd.com/*"],"orig_includes":[],"orig_matches":["*://s.taobao.com/*","*://ai.taobao.com/search/*","*://list.tmall.com/*","*://item.taobao.com/*","*://detail.tmall.com/*","*://detail.tmall.hk/*","*://chaoshi.detail.tmall.com/*","*://detail.liangxinyao.com/*","*://*.jd.com/*","*://*.jd.hk/*","*://*.yiyaojd.com/*","*://*.jd.com/*","*://*.vip.com/*","*://*.vipglobal.hk/*","*://*.iqiyi.com/*","*://*.youku.com/*","*://v.qq.com/*","*://*.tudou.com/*","*://film.sohu.com/*","*://*.mgtv.com/*","*://*.acfun.cn/v/*","*://*.56.com/*","*://*.pptv.com/*","*://*.le.com/*","*://*.letv.com/*","*://tv.sohu.com/*","*://vip.1905.com/play/*","*://v.yinyuetai.com/video/*","*://v.yinyuetai.com/playlist/*","*://*.fun.tv/vplay/*","*://*.wasu.cn/Play/show/*"],"orig_noframes":null,"orig_run_at":"document-idle","use_blockers":[],"use_connects":[],"use_excludes":[],"use_includes":[],"use_matches":[]},"run_at":null,"tab_types":null,"unwrap":null},"settings":{"enabled":true,"position":4},"meta":{"name":"全网VIP视频免费破解去广告，一键领取淘宝、天猫、京东、唯品会、拼多多、抖音隐藏优惠券！全网查券！【免费领取京东、淘宝、唯品会618超级红包、外卖红包、公交地铁红包】","uuid":"c56ce19c-458c-410b-a8a0-07f5fef23ad9","modified":1653900490856,"file_url":"https://greasyfork.org/scripts/397823-%E5%85%A8%E7%BD%91vip%E8%A7%86%E9%A2%91%E5%85%8D%E8%B4%B9%E7%A0%B4%E8%A7%A3%E5%8E%BB%E5%B9%BF%E5%91%8A-%E4%B8%80%E9%94%AE%E9%A2%86%E5%8F%96%E6%B7%98%E5%AE%9D-%E5%A4%A9%E7%8C%AB%E9%9A%90%E8%97%8F%E4%BC%98%E6%83%A0%E5%88%B8-%E5%85%8D%E8%B4%B9%E9%A2%86%E5%8F%96%E6%B7%98%E5%AE%9D%E5%B9%B4%E8%B4%A7%E8%8A%82%E8%B6%85%E7%BA%A7%E7%BA%A2%E5%8C%85-%E5%85%AC%E4%BA%A4%E5%9C%B0%E9%93%81%E7%BA%A2%E5%8C%85/code/%E5%85%A8%E7%BD%91VIP%E8%A7%86%E9%A2%91%E5%85%8D%E8%B4%B9%E7%A0%B4%E8%A7%A3%E5%8E%BB%E5%B9%BF%E5%91%8A%EF%BC%8C%E4%B8%80%E9%94%AE%E9%A2%86%E5%8F%96%E6%B7%98%E5%AE%9D%E3%80%81%E5%A4%A9%E7%8C%AB%E9%9A%90%E8%97%8F%E4%BC%98%E6%83%A0%E5%88%B8%EF%BC%81%E3%80%90%E5%85%8D%E8%B4%B9%E9%A2%86%E5%8F%96%E6%B7%98%E5%AE%9D%E5%B9%B4%E8%B4%A7%E8%8A%82%E8%B6%85%E7%BA%A7%E7%BA%A2%E5%8C%85%E3%80%81%E5%85%AC%E4%BA%A4%E5%9C%B0%E9%93%81%E7%BA%A2%E5%8C%85%E3%80%91.user.js"}}