{"options":{"check_for_updates":true,"comment":null,"compat_foreach":false,"compat_metadata":false,"compat_powerful_this":null,"compat_prototypes":false,"compat_wrappedjsobject":false,"compatopts_for_requires":true,"noframes":null,"override":{"merge_connects":true,"merge_excludes":true,"merge_includes":true,"merge_matches":true,"orig_connects":[],"orig_excludes":[],"orig_includes":["*://mp.weixin.qq.com/*","*://www.jianshu.com/*","*://*.douban.com/*","*://*.zhihu.com/*","*://*.bilibili.com/read/*","*://juejin.im/*","*://t.bilibili.com/*","*://*.dongchedi.com/*","*://*.dongchedi.com/article/*","*://imgur.com/*"],"orig_matches":[],"orig_noframes":null,"orig_run_at":"document-idle","use_blockers":[],"use_connects":[],"use_excludes":[],"use_includes":[],"use_matches":[]},"run_at":null,"tab_types":null,"unwrap":null},"settings":{"enabled":true,"position":18},"meta":{"name":"去掉WEBP - 转换WEBP图片到源格式(JPG PNG GIF)用于Onenote与Evernote剪藏","uuid":"12151dda-ea40-4fbd-ac5e-04466b5f520b","modified":1650709560614,"file_url":"https://greasyfork.org/scripts/396210-%E5%8E%BB%E6%8E%89webp-%E8%BD%AC%E6%8D%A2webp%E5%9B%BE%E7%89%87%E5%88%B0%E6%BA%90%E6%A0%BC%E5%BC%8F-jpg-png-gif-%E7%94%A8%E4%BA%8Eonenote%E4%B8%8Eevernote%E5%89%AA%E8%97%8F/code/%E5%8E%BB%E6%8E%89WEBP%20-%20%E8%BD%AC%E6%8D%A2WEBP%E5%9B%BE%E7%89%87%E5%88%B0%E6%BA%90%E6%A0%BC%E5%BC%8F(JPG%20PNG%20GIF)%E7%94%A8%E4%BA%8EOnenote%E4%B8%8EEvernote%E5%89%AA%E8%97%8F.user.js"}}