{"options":{"check_for_updates":true,"comment":null,"compat_foreach":false,"compat_metadata":false,"compat_powerful_this":null,"compat_prototypes":false,"compat_wrappedjsobject":false,"compatopts_for_requires":true,"noframes":null,"override":{"merge_connects":true,"merge_excludes":true,"merge_includes":true,"merge_matches":true,"orig_connects":[],"orig_excludes":[],"orig_includes":[],"orig_matches":["*://*/*"],"orig_noframes":null,"orig_run_at":"document-start","use_blockers":[],"use_connects":[],"use_excludes":[],"use_includes":[],"use_matches":[]},"run_at":null,"tab_types":null,"unwrap":null},"settings":{"enabled":true,"position":11},"meta":{"name":"字体渲染（自用脚本）","uuid":"652a6703-723a-44e9-8879-abb7f8ba33bd","modified":1656153319454,"file_url":"https://greasyfork.org/scripts/416688-%E5%AD%97%E4%BD%93%E6%B8%B2%E6%9F%93-%E8%87%AA%E7%94%A8%E8%84%9A%E6%9C%AC/code/%E5%AD%97%E4%BD%93%E6%B8%B2%E6%9F%93%EF%BC%88%E8%87%AA%E7%94%A8%E8%84%9A%E6%9C%AC%EF%BC%89.user.js"}}