{"options":{"check_for_updates":true,"comment":null,"compat_foreach":false,"compat_metadata":false,"compat_powerful_this":null,"compat_prototypes":false,"compat_wrappedjsobject":false,"compatopts_for_requires":true,"noframes":null,"override":{"merge_connects":true,"merge_excludes":true,"merge_includes":true,"merge_matches":true,"orig_connects":[],"orig_excludes":[],"orig_includes":[],"orig_matches":["https://baike.baidu.com/pic/*","https://baike.baidu.com/picture/*","https://baike.baidu.com/historypic/*","https://baike.baidu.com/picview/history/*","https://bkimg.cdn.bcebos.com/pic/*","http://bkimg.cdn.bcebos.com/pic/*"],"orig_noframes":null,"orig_run_at":"document-end","use_blockers":[],"use_connects":[],"use_excludes":[],"use_includes":[],"use_matches":[]},"run_at":null,"tab_types":null,"unwrap":null},"settings":{"enabled":true,"position":5},"meta":{"name":"百度百科 - 将图片改为无水印版本","uuid":"8367fd03-4d10-4499-a5f4-35dec41815d5","modified":1649220861585,"file_url":"https://greasyfork.org/scripts/387058-%E7%99%BE%E5%BA%A6%E7%99%BE%E7%A7%91-%E5%B0%86%E5%9B%BE%E7%89%87%E6%94%B9%E4%B8%BA%E6%97%A0%E6%B0%B4%E5%8D%B0%E7%89%88%E6%9C%AC/code/%E7%99%BE%E5%BA%A6%E7%99%BE%E7%A7%91%20-%20%E5%B0%86%E5%9B%BE%E7%89%87%E6%94%B9%E4%B8%BA%E6%97%A0%E6%B0%B4%E5%8D%B0%E7%89%88%E6%9C%AC.user.js"}}