{"options":{"check_for_updates":true,"comment":null,"compat_foreach":false,"compat_metadata":false,"compat_powerful_this":null,"compat_prototypes":false,"compat_wrappedjsobject":false,"compatopts_for_requires":true,"noframes":null,"override":{"merge_connects":true,"merge_excludes":true,"merge_includes":true,"merge_matches":true,"orig_connects":[],"orig_excludes":[],"orig_includes":["/^https:\\/\\/.+\\.lanzou[a-z]\\.com\\/.*$/"],"orig_matches":["*://pan.lanzou.com/*","*://lanzou.com/u","*://www.lanzou.com/account.php*","*://www.lanzou.com/u","*://up.woozooo.com/u","*://up.woozooo.com/mydisk.php*","*://pc.woozooo.com/u","*://pc.woozooo.com/mydisk.php*"],"orig_noframes":true,"orig_run_at":"document-end","use_blockers":[],"use_connects":[],"use_excludes":[],"use_includes":[],"use_matches":[]},"run_at":null,"tab_types":null,"unwrap":null},"settings":{"enabled":true,"position":7},"meta":{"name":"蓝奏云网盘增强","uuid":"d2060dd5-4224-4407-bec4-ab417f48926b","modified":1651929674696,"file_url":"https://greasyfork.org/scripts/419224-%E8%93%9D%E5%A5%8F%E4%BA%91%E7%BD%91%E7%9B%98%E5%A2%9E%E5%BC%BA/code/%E8%93%9D%E5%A5%8F%E4%BA%91%E7%BD%91%E7%9B%98%E5%A2%9E%E5%BC%BA.user.js"}}