{"options":{"check_for_updates":true,"comment":null,"compat_foreach":false,"compat_metadata":false,"compat_powerful_this":null,"compat_prototypes":false,"compat_wrappedjsobject":false,"compatopts_for_requires":true,"noframes":null,"override":{"merge_connects":true,"merge_excludes":true,"merge_includes":true,"merge_matches":true,"orig_connects":["gwdang.com","alicdn.com"],"orig_excludes":[],"orig_includes":["http*://item.taobao.com/*","http*://s.taobao.com/*","http*://detail.tmall.com/item.htm*","http*://detail.liangxinyao.com/item.htm*","http*://chaoshi.detail.tmall.com/item.htm*","http*://item.jd.com/*","https://item.jd.hk/*","https://detail.tmall.hk/*","https://*.suning.com/*"],"orig_matches":[],"orig_noframes":null,"orig_run_at":"document-start","use_blockers":[],"use_connects":[],"use_excludes":[],"use_includes":[],"use_matches":[]},"run_at":null,"tab_types":null,"unwrap":null},"settings":{"enabled":true,"position":14},"meta":{"name":"购物党比价工具【再精简优化版】","uuid":"03b59643-154a-4ce0-a5f8-320dc42fb502","modified":1648363078947}}